,hostname,os,environment,country,node
0,APITA054,AIX,Production,Italy,054
1,ATESP371,AIX,Testing,Spain,371
2,STITA717,Solaris,Testing,Italy,717
3,SSFRA452,Solaris,Staging,France,452
4,LPESP834,Linux,Production,Spain,834
5,LSESP213,Linux,Staging,Spain,213
6,HTIRL146,HP-UX,Testing,Ireland,146
7,ATIRL040,AIX,Testing,Ireland,040
8,LPDEU684,Linux,Production,Germany,684
9,LPFRA826,Linux,Production,France,826
10,STIRL285,Solaris,Testing,Ireland,285
11,ADDEU737,AIX,Development,Germany,737
12,SIESP427,Solaris,Integration,Spain,427
13,SSDEU484,Solaris,Staging,Germany,484
14,ATDEU403,AIX,Testing,Germany,403
15,SSNOR024,Solaris,Staging,Norway,024
16,LSESP990,Linux,Staging,Spain,990
17,HSITA680,HP-UX,Staging,Italy,680
18,HPDEU937,HP-UX,Production,Germany,937
19,STFRA192,Solaris,Testing,France,192
20,LTIRL076,Linux,Testing,Ireland,076
21,LDDEU295,Linux,Development,Germany,295
22,LPDEU974,Linux,Production,Germany,974
23,LSFRA416,Linux,Staging,France,416
24,LSIRL870,Linux,Staging,Ireland,870
25,HPIRL367,HP-UX,Production,Ireland,367
26,SPIRL047,Solaris,Production,Ireland,047
27,LPDEU790,Linux,Production,Germany,790
28,ATIRL960,AIX,Testing,Ireland,960
29,STFRA447,Solaris,Testing,France,447
30,SSFRA460,Solaris,Staging,France,460
31,ATDEU446,AIX,Testing,Germany,446
32,LPESP459,Linux,Production,Spain,459
33,LTITA611,Linux,Testing,Italy,611
34,ASESP082,AIX,Staging,Spain,082
35,ATNOR620,AIX,Testing,Norway,620
36,LDIRL409,Linux,Development,Ireland,409
37,LTIRL877,Linux,Testing,Ireland,877
38,HSDEU465,HP-UX,Staging,Germany,465
39,LTDEU992,Linux,Testing,Germany,992
40,LPIRL940,Linux,Production,Ireland,940
41,LPDEU164,Linux,Production,Germany,164
42,HPITA157,HP-UX,Production,Italy,157
43,ASIRL359,AIX,Staging,Ireland,359
44,LPIRL500,Linux,Production,Ireland,500
45,LTITA956,Linux,Testing,Italy,956
46,APIRL162,AIX,Production,Ireland,162
47,APDEU979,AIX,Production,Germany,979
48,LTIRL393,Linux,Testing,Ireland,393
49,ATIRL616,AIX,Testing,Ireland,616
50,LDESP234,Linux,Development,Spain,234
51,SSESP673,Solaris,Staging,Spain,673
52,SPIRL847,Solaris,Production,Ireland,847
53,STDEU562,Solaris,Testing,Germany,562
54,APFRA931,AIX,Production,France,931
55,SSIRL965,Solaris,Staging,Ireland,965
56,LDESP675,Linux,Development,Spain,675
57,LPITA358,Linux,Production,Italy,358
58,LSDEU872,Linux,Staging,Germany,872
59,HSIRL701,HP-UX,Staging,Ireland,701
60,LPESP355,Linux,Production,Spain,355
61,LINOR287,Linux,Integration,Norway,287
62,LTNOR298,Linux,Testing,Norway,298
63,SIIRL323,Solaris,Integration,Ireland,323
64,SPITA417,Solaris,Production,Italy,417
65,LPDEU993,Linux,Production,Germany,993
66,LPIRL762,Linux,Production,Ireland,762
67,HSESP730,HP-UX,Staging,Spain,730
68,LSDEU511,Linux,Staging,Germany,511
69,ATDEU761,AIX,Testing,Germany,761
70,HSESP822,HP-UX,Staging,Spain,822
71,SPITA041,Solaris,Production,Italy,041
72,LSDEU940,Linux,Staging,Germany,940
73,SDESP787,Solaris,Development,Spain,787
74,LSDEU797,Linux,Staging,Germany,797
75,LTITA399,Linux,Testing,Italy,399
76,SIITA111,Solaris,Integration,Italy,111
77,LTNOR307,Linux,Testing,Norway,307
78,LIDEU420,Linux,Integration,Germany,420
79,LPDEU513,Linux,Production,Germany,513
80,SSIRL980,Solaris,Staging,Ireland,980
81,LTDEU994,Linux,Testing,Germany,994
82,LSDEU230,Linux,Staging,Germany,230
83,LIFRA313,Linux,Integration,France,313
84,ATDEU967,AIX,Testing,Germany,967
85,LSITA690,Linux,Staging,Italy,690
86,LIIRL009,Linux,Integration,Ireland,009
87,LSDEU891,Linux,Staging,Germany,891
88,LDDEU334,Linux,Development,Germany,334
89,STDEU579,Solaris,Testing,Germany,579
90,LPFRA033,Linux,Production,France,033
91,SSIRL417,Solaris,Staging,Ireland,417
92,LSNOR244,Linux,Staging,Norway,244
93,HTIRL730,HP-UX,Testing,Ireland,730
94,ASDEU022,AIX,Staging,Germany,022
95,LIDEU215,Linux,Integration,Germany,215
96,SSFRA900,Solaris,Staging,France,900
97,LTIRL845,Linux,Testing,Ireland,845
98,LPIRL456,Linux,Production,Ireland,456
99,SPITA307,Solaris,Production,Italy,307
100,LTDEU742,Linux,Testing,Germany,742
101,SPDEU695,Solaris,Production,Germany,695
102,SSESP317,Solaris,Staging,Spain,317
103,LDITA063,Linux,Development,Italy,063
104,ATIRL286,AIX,Testing,Ireland,286
105,HPESP007,HP-UX,Production,Spain,007
106,ADDEU767,AIX,Development,Germany,767
107,HTESP219,HP-UX,Testing,Spain,219
108,SSDEU474,Solaris,Staging,Germany,474
109,HDITA079,HP-UX,Development,Italy,079
110,HIDEU689,HP-UX,Integration,Germany,689
111,SPFRA251,Solaris,Production,France,251
112,ADDEU301,AIX,Development,Germany,301
113,ASESP693,AIX,Staging,Spain,693
114,HSNOR852,HP-UX,Staging,Norway,852
115,LIIRL296,Linux,Integration,Ireland,296
116,AIIRL322,AIX,Integration,Ireland,322
117,SPDEU319,Solaris,Production,Germany,319
118,ATFRA071,AIX,Testing,France,071
119,LPNOR061,Linux,Production,Norway,061
120,LTFRA707,Linux,Testing,France,707
121,LPIRL475,Linux,Production,Ireland,475
122,LTESP021,Linux,Testing,Spain,021
123,STFRA934,Solaris,Testing,France,934
124,SSDEU256,Solaris,Staging,Germany,256
125,HPIRL781,HP-UX,Production,Ireland,781
126,LSIRL378,Linux,Staging,Ireland,378
127,SSDEU897,Solaris,Staging,Germany,897
128,SPESP272,Solaris,Production,Spain,272
129,LDIRL176,Linux,Development,Ireland,176
130,LSFRA193,Linux,Staging,France,193
131,LPFRA782,Linux,Production,France,782
132,ASIRL021,AIX,Staging,Ireland,021
133,HDNOR992,HP-UX,Development,Norway,992
134,SPFRA286,Solaris,Production,France,286
135,LIIRL253,Linux,Integration,Ireland,253
136,LSDEU098,Linux,Staging,Germany,098
137,ATESP601,AIX,Testing,Spain,601
138,APESP662,AIX,Production,Spain,662
139,LTDEU363,Linux,Testing,Germany,363
140,ATDEU821,AIX,Testing,Germany,821
141,LSESP570,Linux,Staging,Spain,570
142,LTDEU168,Linux,Testing,Germany,168
143,LSITA203,Linux,Staging,Italy,203
144,SSDEU448,Solaris,Staging,Germany,448
145,LTITA925,Linux,Testing,Italy,925
146,LSITA632,Linux,Staging,Italy,632
147,LDDEU016,Linux,Development,Germany,016
148,HSNOR783,HP-UX,Staging,Norway,783
149,SPIRL935,Solaris,Production,Ireland,935
150,LPESP251,Linux,Production,Spain,251
151,STITA201,Solaris,Testing,Italy,201
152,LPESP927,Linux,Production,Spain,927
153,LSIRL187,Linux,Staging,Ireland,187
154,AIIRL128,AIX,Integration,Ireland,128
155,HTESP552,HP-UX,Testing,Spain,552
156,LTIRL816,Linux,Testing,Ireland,816
157,LTDEU691,Linux,Testing,Germany,691
158,HSITA761,HP-UX,Staging,Italy,761
159,HIITA102,HP-UX,Integration,Italy,102
160,LTIRL632,Linux,Testing,Ireland,632
161,HPDEU488,HP-UX,Production,Germany,488
162,SDESP463,Solaris,Development,Spain,463
163,ASDEU358,AIX,Staging,Germany,358
164,LPITA936,Linux,Production,Italy,936
165,HIITA046,HP-UX,Integration,Italy,046
166,SPDEU223,Solaris,Production,Germany,223
167,SPDEU565,Solaris,Production,Germany,565
168,SSIRL901,Solaris,Staging,Ireland,901
169,ASESP287,AIX,Staging,Spain,287
170,LSIRL975,Linux,Staging,Ireland,975
171,HPITA375,HP-UX,Production,Italy,375
172,SSITA230,Solaris,Staging,Italy,230
173,LINOR416,Linux,Integration,Norway,416
174,LSITA755,Linux,Staging,Italy,755
175,SIIRL604,Solaris,Integration,Ireland,604
176,SIESP705,Solaris,Integration,Spain,705
177,LIESP956,Linux,Integration,Spain,956
178,HPIRL117,HP-UX,Production,Ireland,117
179,SPIRL914,Solaris,Production,Ireland,914
180,LPESP443,Linux,Production,Spain,443
181,ASIRL508,AIX,Staging,Ireland,508
182,LTFRA848,Linux,Testing,France,848
183,SPIRL498,Solaris,Production,Ireland,498
184,LPITA520,Linux,Production,Italy,520
185,STNOR749,Solaris,Testing,Norway,749
186,LPESP909,Linux,Production,Spain,909
187,STIRL181,Solaris,Testing,Ireland,181
188,SSDEU336,Solaris,Staging,Germany,336
189,LTIRL700,Linux,Testing,Ireland,700
190,LIESP271,Linux,Integration,Spain,271
191,STESP914,Solaris,Testing,Spain,914
192,LDFRA782,Linux,Development,France,782
193,LPIRL542,Linux,Production,Ireland,542
194,LPFRA904,Linux,Production,France,904
195,APIRL738,AIX,Production,Ireland,738
196,LTNOR126,Linux,Testing,Norway,126
197,HDITA310,HP-UX,Development,Italy,310
198,LTITA950,Linux,Testing,Italy,950
199,STIRL083,Solaris,Testing,Ireland,083
200,HPITA985,HP-UX,Production,Italy,985
201,SSESP799,Solaris,Staging,Spain,799
202,LPITA386,Linux,Production,Italy,386
203,LSIRL544,Linux,Staging,Ireland,544
204,HIITA036,HP-UX,Integration,Italy,036
205,APIRL888,AIX,Production,Ireland,888
206,HTESP420,HP-UX,Testing,Spain,420
207,HSDEU233,HP-UX,Staging,Germany,233
208,LSIRL155,Linux,Staging,Ireland,155
209,LDFRA844,Linux,Development,France,844
210,HSESP777,HP-UX,Staging,Spain,777
211,LSITA894,Linux,Staging,Italy,894
212,SPITA690,Solaris,Production,Italy,690
213,APNOR941,AIX,Production,Norway,941
214,LIESP959,Linux,Integration,Spain,959
215,STDEU306,Solaris,Testing,Germany,306
216,LSDEU698,Linux,Staging,Germany,698
217,HTFRA100,HP-UX,Testing,France,100
218,ATITA740,AIX,Testing,Italy,740
219,STDEU044,Solaris,Testing,Germany,044
220,APIRL031,AIX,Production,Ireland,031
221,APFRA185,AIX,Production,France,185
222,LDIRL436,Linux,Development,Ireland,436
223,SSITA241,Solaris,Staging,Italy,241
224,LTIRL016,Linux,Testing,Ireland,016
225,STIRL523,Solaris,Testing,Ireland,523
226,LINOR108,Linux,Integration,Norway,108
227,SSDEU385,Solaris,Staging,Germany,385
228,SPITA005,Solaris,Production,Italy,005
229,ADNOR705,AIX,Development,Norway,705
230,LTNOR058,Linux,Testing,Norway,058
231,LTESP648,Linux,Testing,Spain,648
232,SSDEU231,Solaris,Staging,Germany,231
233,LSDEU131,Linux,Staging,Germany,131
234,SDFRA072,Solaris,Development,France,072
235,ATITA946,AIX,Testing,Italy,946
236,SPITA185,Solaris,Production,Italy,185
237,LTFRA907,Linux,Testing,France,907
238,LTDEU495,Linux,Testing,Germany,495
239,LPIRL418,Linux,Production,Ireland,418
240,LPFRA380,Linux,Production,France,380
241,SPITA052,Solaris,Production,Italy,052
242,LSIRL671,Linux,Staging,Ireland,671
243,LSIRL171,Linux,Staging,Ireland,171
244,LTFRA406,Linux,Testing,France,406
245,LSIRL369,Linux,Staging,Ireland,369
246,SSDEU773,Solaris,Staging,Germany,773
247,LTITA398,Linux,Testing,Italy,398
248,HDIRL158,HP-UX,Development,Ireland,158
249,SSITA674,Solaris,Staging,Italy,674
250,ASIRL752,AIX,Staging,Ireland,752
251,LSIRL995,Linux,Staging,Ireland,995
252,LPITA865,Linux,Production,Italy,865
253,LSIRL402,Linux,Staging,Ireland,402
254,HTESP652,HP-UX,Testing,Spain,652
255,SPIRL374,Solaris,Production,Ireland,374
256,SSESP214,Solaris,Staging,Spain,214
257,ATESP776,AIX,Testing,Spain,776
258,ASITA263,AIX,Staging,Italy,263
259,ATDEU598,AIX,Testing,Germany,598
260,APDEU409,AIX,Production,Germany,409
261,SDIRL582,Solaris,Development,Ireland,582
262,LIITA934,Linux,Integration,Italy,934
263,LSESP982,Linux,Staging,Spain,982
264,HSDEU924,HP-UX,Staging,Germany,924
265,APITA989,AIX,Production,Italy,989
266,STITA037,Solaris,Testing,Italy,037
267,APITA101,AIX,Production,Italy,101
268,SDIRL814,Solaris,Development,Ireland,814
269,STDEU756,Solaris,Testing,Germany,756
270,HTESP861,HP-UX,Testing,Spain,861
271,APDEU151,AIX,Production,Germany,151
272,ATIRL030,AIX,Testing,Ireland,030
273,LSESP192,Linux,Staging,Spain,192
274,STESP811,Solaris,Testing,Spain,811
275,SSDEU772,Solaris,Staging,Germany,772
276,LSFRA104,Linux,Staging,France,104
277,HPITA909,HP-UX,Production,Italy,909
278,SPESP359,Solaris,Production,Spain,359
279,SSESP259,Solaris,Staging,Spain,259
280,LSIRL240,Linux,Staging,Ireland,240
281,LTNOR341,Linux,Testing,Norway,341
282,ASESP274,AIX,Staging,Spain,274
283,LPESP531,Linux,Production,Spain,531
284,LPIRL211,Linux,Production,Ireland,211
285,HTDEU905,HP-UX,Testing,Germany,905
286,LPITA691,Linux,Production,Italy,691
287,SDFRA821,Solaris,Development,France,821
288,LPNOR510,Linux,Production,Norway,510
289,SSIRL306,Solaris,Staging,Ireland,306
290,SSITA651,Solaris,Staging,Italy,651
291,SDESP377,Solaris,Development,Spain,377
292,SDIRL156,Solaris,Development,Ireland,156
293,LSIRL281,Linux,Staging,Ireland,281
294,LPDEU410,Linux,Production,Germany,410
295,LPNOR369,Linux,Production,Norway,369
296,SPIRL572,Solaris,Production,Ireland,572
297,ASFRA915,AIX,Staging,France,915
298,ASDEU464,AIX,Staging,Germany,464
299,HPESP842,HP-UX,Production,Spain,842
300,SDDEU545,Solaris,Development,Germany,545
301,ADNOR740,AIX,Development,Norway,740
302,ASESP876,AIX,Staging,Spain,876
303,LDDEU851,Linux,Development,Germany,851
304,ATDEU616,AIX,Testing,Germany,616
305,LIFRA683,Linux,Integration,France,683
306,STDEU733,Solaris,Testing,Germany,733
307,LPFRA319,Linux,Production,France,319
308,LTIRL950,Linux,Testing,Ireland,950
309,STESP267,Solaris,Testing,Spain,267
310,LPIRL863,Linux,Production,Ireland,863
311,LDDEU718,Linux,Development,Germany,718
312,LSIRL468,Linux,Staging,Ireland,468
313,LPIRL400,Linux,Production,Ireland,400
314,ATDEU430,AIX,Testing,Germany,430
315,SDIRL198,Solaris,Development,Ireland,198
316,SDIRL799,Solaris,Development,Ireland,799
317,SDDEU817,Solaris,Development,Germany,817
318,HPDEU151,HP-UX,Production,Germany,151
319,ATITA192,AIX,Testing,Italy,192
320,LSESP677,Linux,Staging,Spain,677
321,LPIRL669,Linux,Production,Ireland,669
322,LPIRL304,Linux,Production,Ireland,304
323,LTITA053,Linux,Testing,Italy,053
324,HTDEU995,HP-UX,Testing,Germany,995
325,SSITA775,Solaris,Staging,Italy,775
326,APDEU487,AIX,Production,Germany,487
327,ATITA930,AIX,Testing,Italy,930
328,LTDEU975,Linux,Testing,Germany,975
329,SSIRL859,Solaris,Staging,Ireland,859
330,APIRL851,AIX,Production,Ireland,851
331,APDEU457,AIX,Production,Germany,457
332,LPESP002,Linux,Production,Spain,002
333,SIITA878,Solaris,Integration,Italy,878
334,ADDEU914,AIX,Development,Germany,914
335,SSIRL858,Solaris,Staging,Ireland,858
336,LTITA959,Linux,Testing,Italy,959
337,SIDEU363,Solaris,Integration,Germany,363
338,LINOR093,Linux,Integration,Norway,093
339,SSIRL089,Solaris,Staging,Ireland,089
340,APDEU096,AIX,Production,Germany,096
341,LTIRL007,Linux,Testing,Ireland,007
342,LSESP154,Linux,Staging,Spain,154
343,SPIRL457,Solaris,Production,Ireland,457
344,SPDEU782,Solaris,Production,Germany,782
345,STIRL277,Solaris,Testing,Ireland,277
346,ADDEU519,AIX,Development,Germany,519
347,LSFRA338,Linux,Staging,France,338
348,LSDEU993,Linux,Staging,Germany,993
349,HDDEU080,HP-UX,Development,Germany,080
350,LSIRL392,Linux,Staging,Ireland,392
351,ASDEU120,AIX,Staging,Germany,120
352,SSITA948,Solaris,Staging,Italy,948
353,LDFRA599,Linux,Development,France,599
354,STDEU221,Solaris,Testing,Germany,221
355,LTIRL671,Linux,Testing,Ireland,671
356,SPIRL007,Solaris,Production,Ireland,007
357,LPIRL969,Linux,Production,Ireland,969
358,LPITA972,Linux,Production,Italy,972
359,ASESP160,AIX,Staging,Spain,160
360,SPIRL305,Solaris,Production,Ireland,305
361,LDIRL720,Linux,Development,Ireland,720
362,LPFRA526,Linux,Production,France,526
363,HPITA093,HP-UX,Production,Italy,093
364,SSIRL706,Solaris,Staging,Ireland,706
365,LSDEU190,Linux,Staging,Germany,190
366,LPFRA692,Linux,Production,France,692
367,LIESP932,Linux,Integration,Spain,932
368,HTIRL349,HP-UX,Testing,Ireland,349
369,AIFRA546,AIX,Integration,France,546
370,LSITA109,Linux,Staging,Italy,109
371,LTNOR885,Linux,Testing,Norway,885
372,SPDEU417,Solaris,Production,Germany,417
373,LSIRL005,Linux,Staging,Ireland,005
374,STIRL885,Solaris,Testing,Ireland,885
375,SPESP910,Solaris,Production,Spain,910
376,LIDEU861,Linux,Integration,Germany,861
377,SPDEU800,Solaris,Production,Germany,800
378,ASIRL145,AIX,Staging,Ireland,145
379,LSITA071,Linux,Staging,Italy,071
380,APIRL723,AIX,Production,Ireland,723
381,LDESP716,Linux,Development,Spain,716
382,LTIRL748,Linux,Testing,Ireland,748
383,SIITA177,Solaris,Integration,Italy,177
384,LTNOR696,Linux,Testing,Norway,696
385,HSDEU969,HP-UX,Staging,Germany,969
386,STIRL356,Solaris,Testing,Ireland,356
387,APESP429,AIX,Production,Spain,429
388,LTESP744,Linux,Testing,Spain,744
389,HSIRL134,HP-UX,Staging,Ireland,134
390,SSDEU951,Solaris,Staging,Germany,951
391,SSESP733,Solaris,Staging,Spain,733
392,SSDEU584,Solaris,Staging,Germany,584
393,LIITA716,Linux,Integration,Italy,716
394,SPITA642,Solaris,Production,Italy,642
395,SIESP703,Solaris,Integration,Spain,703
396,LTFRA326,Linux,Testing,France,326
397,HIIRL488,HP-UX,Integration,Ireland,488
398,LIIRL804,Linux,Integration,Ireland,804
399,HPESP649,HP-UX,Production,Spain,649
400,SSDEU947,Solaris,Staging,Germany,947
401,ATDEU667,AIX,Testing,Germany,667
402,LPITA898,Linux,Production,Italy,898
403,LDDEU167,Linux,Development,Germany,167
404,LSDEU845,Linux,Staging,Germany,845
405,LPDEU808,Linux,Production,Germany,808
406,APDEU861,AIX,Production,Germany,861
407,LTFRA404,Linux,Testing,France,404
408,LIDEU939,Linux,Integration,Germany,939
409,LPDEU724,Linux,Production,Germany,724
410,SSDEU725,Solaris,Staging,Germany,725
411,LDESP284,Linux,Development,Spain,284
412,LSESP356,Linux,Staging,Spain,356
413,ASESP445,AIX,Staging,Spain,445
414,LSDEU671,Linux,Staging,Germany,671
415,SSITA116,Solaris,Staging,Italy,116
416,SSDEU588,Solaris,Staging,Germany,588
417,LPESP402,Linux,Production,Spain,402
418,LSIRL824,Linux,Staging,Ireland,824
419,LPNOR005,Linux,Production,Norway,005
420,SSESP755,Solaris,Staging,Spain,755
421,LSITA131,Linux,Staging,Italy,131
422,LPESP407,Linux,Production,Spain,407
423,LPNOR604,Linux,Production,Norway,604
424,LIDEU783,Linux,Integration,Germany,783
425,HSITA715,HP-UX,Staging,Italy,715
426,STITA809,Solaris,Testing,Italy,809
427,HPITA656,HP-UX,Production,Italy,656
428,LSITA080,Linux,Staging,Italy,080
429,AIIRL753,AIX,Integration,Ireland,753
430,ADITA822,AIX,Development,Italy,822
431,LTIRL313,Linux,Testing,Ireland,313
432,SSDEU989,Solaris,Staging,Germany,989
433,SPITA390,Solaris,Production,Italy,390
434,LSITA652,Linux,Staging,Italy,652
435,SSDEU541,Solaris,Staging,Germany,541
436,LDESP398,Linux,Development,Spain,398
437,ATITA957,AIX,Testing,Italy,957
438,SSIRL611,Solaris,Staging,Ireland,611
439,APIRL175,AIX,Production,Ireland,175
440,ATESP049,AIX,Testing,Spain,049
441,LPESP524,Linux,Production,Spain,524
442,SSFRA732,Solaris,Staging,France,732
443,LSNOR802,Linux,Staging,Norway,802
444,LSIRL475,Linux,Staging,Ireland,475
445,SPDEU322,Solaris,Production,Germany,322
446,STIRL715,Solaris,Testing,Ireland,715
447,LPIRL158,Linux,Production,Ireland,158
448,ATDEU936,AIX,Testing,Germany,936
449,SSIRL447,Solaris,Staging,Ireland,447
450,STIRL493,Solaris,Testing,Ireland,493
451,LSNOR250,Linux,Staging,Norway,250
452,ASIRL682,AIX,Staging,Ireland,682
453,LSIRL965,Linux,Staging,Ireland,965
454,LTIRL140,Linux,Testing,Ireland,140
455,SDNOR055,Solaris,Development,Norway,055
456,HIDEU434,HP-UX,Integration,Germany,434
457,STIRL004,Solaris,Testing,Ireland,004
458,ASITA593,AIX,Staging,Italy,593
459,SPDEU307,Solaris,Production,Germany,307
460,STIRL309,Solaris,Testing,Ireland,309
461,SSIRL043,Solaris,Staging,Ireland,043
462,LIIRL418,Linux,Integration,Ireland,418
463,STIRL963,Solaris,Testing,Ireland,963
464,ATITA236,AIX,Testing,Italy,236
465,LPIRL702,Linux,Production,Ireland,702
466,AIFRA922,AIX,Integration,France,922
467,LPITA083,Linux,Production,Italy,083
468,LSESP335,Linux,Staging,Spain,335
469,LTFRA525,Linux,Testing,France,525
470,LSESP535,Linux,Staging,Spain,535
471,ATIRL885,AIX,Testing,Ireland,885
472,ASIRL921,AIX,Staging,Ireland,921
473,HSDEU842,HP-UX,Staging,Germany,842
474,SDITA710,Solaris,Development,Italy,710
475,SSITA559,Solaris,Staging,Italy,559
476,ASFRA662,AIX,Staging,France,662
477,SDITA691,Solaris,Development,Italy,691
478,LSIRL594,Linux,Staging,Ireland,594
479,HPIRL042,HP-UX,Production,Ireland,042
480,LDIRL744,Linux,Development,Ireland,744
481,APESP656,AIX,Production,Spain,656
482,STDEU078,Solaris,Testing,Germany,078
483,SDDEU355,Solaris,Development,Germany,355
484,ASIRL410,AIX,Staging,Ireland,410
485,SPIRL056,Solaris,Production,Ireland,056
486,ASDEU970,AIX,Staging,Germany,970
487,LTESP632,Linux,Testing,Spain,632
488,LTIRL539,Linux,Testing,Ireland,539
489,HSITA868,HP-UX,Staging,Italy,868
490,LSIRL994,Linux,Staging,Ireland,994
491,STITA004,Solaris,Testing,Italy,004
492,LTDEU180,Linux,Testing,Germany,180
493,LSNOR774,Linux,Staging,Norway,774
494,SSDEU882,Solaris,Staging,Germany,882
495,LSITA323,Linux,Staging,Italy,323
496,SINOR081,Solaris,Integration,Norway,081
497,LTIRL785,Linux,Testing,Ireland,785
498,ATDEU604,AIX,Testing,Germany,604
499,SSIRL307,Solaris,Staging,Ireland,307
500,ADIRL646,AIX,Development,Ireland,646
501,STESP091,Solaris,Testing,Spain,091
502,LPIRL225,Linux,Production,Ireland,225
503,LTITA587,Linux,Testing,Italy,587
504,ASDEU181,AIX,Staging,Germany,181
505,STIRL317,Solaris,Testing,Ireland,317
506,STDEU050,Solaris,Testing,Germany,050
507,STDEU513,Solaris,Testing,Germany,513
508,ASDEU985,AIX,Staging,Germany,985
509,LSFRA033,Linux,Staging,France,033
510,LTIRL772,Linux,Testing,Ireland,772
511,ASIRL933,AIX,Staging,Ireland,933
512,SIESP476,Solaris,Integration,Spain,476
513,HPNOR535,HP-UX,Production,Norway,535
514,ASIRL808,AIX,Staging,Ireland,808
515,SPNOR756,Solaris,Production,Norway,756
516,LSITA711,Linux,Staging,Italy,711
517,SPIRL124,Solaris,Production,Ireland,124
518,ATESP674,AIX,Testing,Spain,674
519,HTDEU903,HP-UX,Testing,Germany,903
520,SDIRL237,Solaris,Development,Ireland,237
521,SPIRL071,Solaris,Production,Ireland,071
522,LSFRA633,Linux,Staging,France,633
523,HTFRA332,HP-UX,Testing,France,332
524,HSESP045,HP-UX,Staging,Spain,045
525,LPDEU327,Linux,Production,Germany,327
526,LTITA360,Linux,Testing,Italy,360
527,ATNOR644,AIX,Testing,Norway,644
528,APDEU812,AIX,Production,Germany,812
529,APESP539,AIX,Production,Spain,539
530,ATIRL061,AIX,Testing,Ireland,061
531,LIDEU497,Linux,Integration,Germany,497
532,ASIRL333,AIX,Staging,Ireland,333
533,STESP321,Solaris,Testing,Spain,321
534,SPDEU481,Solaris,Production,Germany,481
535,LSFRA055,Linux,Staging,France,055
536,LSDEU976,Linux,Staging,Germany,976
537,LTESP897,Linux,Testing,Spain,897
538,LSDEU141,Linux,Staging,Germany,141
539,SPFRA640,Solaris,Production,France,640
540,SSDEU524,Solaris,Staging,Germany,524
541,LPDEU615,Linux,Production,Germany,615
542,LPITA102,Linux,Production,Italy,102
543,ASITA338,AIX,Staging,Italy,338
544,LPESP660,Linux,Production,Spain,660
545,LIFRA853,Linux,Integration,France,853
546,SSDEU769,Solaris,Staging,Germany,769
547,LTDEU036,Linux,Testing,Germany,036
548,SIIRL710,Solaris,Integration,Ireland,710
549,LDDEU300,Linux,Development,Germany,300
550,ATITA908,AIX,Testing,Italy,908
551,LSDEU618,Linux,Staging,Germany,618
552,ASFRA615,AIX,Staging,France,615
553,LSFRA285,Linux,Staging,France,285
554,LSITA408,Linux,Staging,Italy,408
555,LSESP742,Linux,Staging,Spain,742
556,LPITA938,Linux,Production,Italy,938
557,ATIRL528,AIX,Testing,Ireland,528
558,SSIRL216,Solaris,Staging,Ireland,216
559,ATIRL622,AIX,Testing,Ireland,622
560,LTFRA662,Linux,Testing,France,662
561,ATIRL878,AIX,Testing,Ireland,878
562,SPDEU939,Solaris,Production,Germany,939
563,LTESP787,Linux,Testing,Spain,787
564,LPDEU564,Linux,Production,Germany,564
565,ATITA086,AIX,Testing,Italy,086
566,LPFRA150,Linux,Production,France,150
567,HPDEU552,HP-UX,Production,Germany,552
568,LPNOR497,Linux,Production,Norway,497
569,APITA509,AIX,Production,Italy,509
570,ADESP905,AIX,Development,Spain,905
571,APITA631,AIX,Production,Italy,631
572,LSITA404,Linux,Staging,Italy,404
573,SDFRA448,Solaris,Development,France,448
574,LTIRL851,Linux,Testing,Ireland,851
575,APIRL641,AIX,Production,Ireland,641
576,ADESP120,AIX,Development,Spain,120
577,STDEU752,Solaris,Testing,Germany,752
578,STDEU054,Solaris,Testing,Germany,054
579,LIIRL594,Linux,Integration,Ireland,594
580,LSIRL324,Linux,Staging,Ireland,324
581,LIESP055,Linux,Integration,Spain,055
582,LTESP308,Linux,Testing,Spain,308
583,ASFRA050,AIX,Staging,France,050
584,LTIRL014,Linux,Testing,Ireland,014
585,LTIRL169,Linux,Testing,Ireland,169
586,HDESP113,HP-UX,Development,Spain,113
587,LTDEU658,Linux,Testing,Germany,658
588,HSDEU057,HP-UX,Staging,Germany,057
589,APDEU910,AIX,Production,Germany,910
590,SPITA437,Solaris,Production,Italy,437
591,SIDEU277,Solaris,Integration,Germany,277
592,HSIRL536,HP-UX,Staging,Ireland,536
593,ATDEU147,AIX,Testing,Germany,147
594,LTESP375,Linux,Testing,Spain,375
595,LTIRL933,Linux,Testing,Ireland,933
596,LPDEU454,Linux,Production,Germany,454
597,SSIRL865,Solaris,Staging,Ireland,865
598,LDITA054,Linux,Development,Italy,054
599,LDESP305,Linux,Development,Spain,305
600,LPITA862,Linux,Production,Italy,862
601,ATITA532,AIX,Testing,Italy,532
602,LDDEU590,Linux,Development,Germany,590
603,APESP373,AIX,Production,Spain,373
604,ADDEU906,AIX,Development,Germany,906
605,LTFRA280,Linux,Testing,France,280
606,LPIRL343,Linux,Production,Ireland,343
607,SSDEU652,Solaris,Staging,Germany,652
608,LPESP450,Linux,Production,Spain,450
609,LDDEU566,Linux,Development,Germany,566
610,ADDEU661,AIX,Development,Germany,661
611,LSDEU534,Linux,Staging,Germany,534
612,LPDEU669,Linux,Production,Germany,669
613,LPESP862,Linux,Production,Spain,862
614,SSIRL931,Solaris,Staging,Ireland,931
615,APESP689,AIX,Production,Spain,689
616,SPIRL308,Solaris,Production,Ireland,308
617,ATIRL137,AIX,Testing,Ireland,137
618,ADITA524,AIX,Development,Italy,524
619,APESP628,AIX,Production,Spain,628
620,SPFRA458,Solaris,Production,France,458
621,SINOR746,Solaris,Integration,Norway,746
622,LPITA404,Linux,Production,Italy,404
623,ATITA976,AIX,Testing,Italy,976
624,ASIRL431,AIX,Staging,Ireland,431
625,STFRA668,Solaris,Testing,France,668
626,LTDEU290,Linux,Testing,Germany,290
627,HIDEU920,HP-UX,Integration,Germany,920
628,SSESP123,Solaris,Staging,Spain,123
629,LPNOR344,Linux,Production,Norway,344
630,LTDEU089,Linux,Testing,Germany,089
631,LPITA457,Linux,Production,Italy,457
632,SSITA088,Solaris,Staging,Italy,088
633,LPESP717,Linux,Production,Spain,717
634,STIRL630,Solaris,Testing,Ireland,630
635,LSIRL353,Linux,Staging,Ireland,353
636,ATIRL627,AIX,Testing,Ireland,627
637,LTDEU867,Linux,Testing,Germany,867
638,ATESP233,AIX,Testing,Spain,233
639,ATITA891,AIX,Testing,Italy,891
640,ASDEU964,AIX,Staging,Germany,964
641,LDIRL993,Linux,Development,Ireland,993
642,LSIRL740,Linux,Staging,Ireland,740
643,APESP458,AIX,Production,Spain,458
644,ADITA002,AIX,Development,Italy,002
645,STIRL396,Solaris,Testing,Ireland,396
646,LTIRL218,Linux,Testing,Ireland,218
647,STIRL247,Solaris,Testing,Ireland,247
648,LSIRL549,Linux,Staging,Ireland,549
649,LSDEU149,Linux,Staging,Germany,149
650,LSITA978,Linux,Staging,Italy,978
651,ATESP150,AIX,Testing,Spain,150
652,ASDEU442,AIX,Staging,Germany,442
653,STITA745,Solaris,Testing,Italy,745
654,LSESP832,Linux,Staging,Spain,832
655,HSFRA469,HP-UX,Staging,France,469
656,ATIRL318,AIX,Testing,Ireland,318
657,APESP725,AIX,Production,Spain,725
658,LPDEU338,Linux,Production,Germany,338
659,HPITA681,HP-UX,Production,Italy,681
660,LTIRL869,Linux,Testing,Ireland,869
661,SSIRL560,Solaris,Staging,Ireland,560
662,STDEU632,Solaris,Testing,Germany,632
663,LPIRL133,Linux,Production,Ireland,133
664,LPNOR949,Linux,Production,Norway,949
665,APITA906,AIX,Production,Italy,906
666,LTESP841,Linux,Testing,Spain,841
667,LIDEU772,Linux,Integration,Germany,772
668,APNOR456,AIX,Production,Norway,456
669,LDIRL728,Linux,Development,Ireland,728
670,LPDEU779,Linux,Production,Germany,779
671,STITA701,Solaris,Testing,Italy,701
672,SDITA082,Solaris,Development,Italy,082
673,SPFRA650,Solaris,Production,France,650
674,LPIRL395,Linux,Production,Ireland,395
675,LTDEU355,Linux,Testing,Germany,355
676,LSIRL443,Linux,Staging,Ireland,443
677,APESP691,AIX,Production,Spain,691
678,LSIRL172,Linux,Staging,Ireland,172
679,ATDEU837,AIX,Testing,Germany,837
680,APNOR532,AIX,Production,Norway,532
681,LDFRA102,Linux,Development,France,102
682,AIDEU187,AIX,Integration,Germany,187
683,LPIRL926,Linux,Production,Ireland,926
684,ADDEU303,AIX,Development,Germany,303
685,LTITA987,Linux,Testing,Italy,987
686,HPDEU491,HP-UX,Production,Germany,491
687,HTESP096,HP-UX,Testing,Spain,096
688,ATFRA539,AIX,Testing,France,539
689,APITA614,AIX,Production,Italy,614
690,ASIRL500,AIX,Staging,Ireland,500
691,HSIRL898,HP-UX,Staging,Ireland,898
692,LSITA531,Linux,Staging,Italy,531
693,SPITA057,Solaris,Production,Italy,057
694,SSESP328,Solaris,Staging,Spain,328
695,LTIRL522,Linux,Testing,Ireland,522
696,LPDEU025,Linux,Production,Germany,025
697,SIDEU978,Solaris,Integration,Germany,978
698,SPIRL738,Solaris,Production,Ireland,738
699,STIRL819,Solaris,Testing,Ireland,819
700,HSNOR483,HP-UX,Staging,Norway,483
701,HIDEU705,HP-UX,Integration,Germany,705
702,LPIRL957,Linux,Production,Ireland,957
703,SIESP794,Solaris,Integration,Spain,794
704,LTESP268,Linux,Testing,Spain,268
705,SIITA222,Solaris,Integration,Italy,222
706,AINOR553,AIX,Integration,Norway,553
707,SPIRL246,Solaris,Production,Ireland,246
708,LPIRL858,Linux,Production,Ireland,858
709,ASDEU162,AIX,Staging,Germany,162
710,LSIRL342,Linux,Staging,Ireland,342
711,ATIRL291,AIX,Testing,Ireland,291
712,LPESP413,Linux,Production,Spain,413
713,LDIRL432,Linux,Development,Ireland,432
714,HTFRA138,HP-UX,Testing,France,138
715,APIRL133,AIX,Production,Ireland,133
716,SPDEU831,Solaris,Production,Germany,831
717,LPDEU819,Linux,Production,Germany,819
718,STITA345,Solaris,Testing,Italy,345
719,STIRL659,Solaris,Testing,Ireland,659
720,LTITA101,Linux,Testing,Italy,101
721,SPIRL358,Solaris,Production,Ireland,358
722,LIIRL860,Linux,Integration,Ireland,860
723,HPESP567,HP-UX,Production,Spain,567
724,LPDEU435,Linux,Production,Germany,435
725,ASIRL069,AIX,Staging,Ireland,069
726,HPDEU194,HP-UX,Production,Germany,194
727,ADDEU913,AIX,Development,Germany,913
728,LPDEU103,Linux,Production,Germany,103
729,LIESP955,Linux,Integration,Spain,955
730,LDIRL664,Linux,Development,Ireland,664
731,LTFRA113,Linux,Testing,France,113
732,LPNOR686,Linux,Production,Norway,686
733,HIESP551,HP-UX,Integration,Spain,551
734,LTIRL250,Linux,Testing,Ireland,250
735,STDEU327,Solaris,Testing,Germany,327
736,SSFRA390,Solaris,Staging,France,390
737,LSIRL252,Linux,Staging,Ireland,252
738,SIIRL788,Solaris,Integration,Ireland,788
739,LPIRL049,Linux,Production,Ireland,049
740,HDDEU086,HP-UX,Development,Germany,086
741,LTITA471,Linux,Testing,Italy,471
742,SSESP536,Solaris,Staging,Spain,536
743,LPIRL868,Linux,Production,Ireland,868
744,SSIRL218,Solaris,Staging,Ireland,218
745,LTIRL511,Linux,Testing,Ireland,511
746,HSESP347,HP-UX,Staging,Spain,347
747,SSDEU700,Solaris,Staging,Germany,700
748,LIIRL599,Linux,Integration,Ireland,599
749,LPESP828,Linux,Production,Spain,828
750,SDITA066,Solaris,Development,Italy,066
751,LPITA686,Linux,Production,Italy,686
752,STIRL893,Solaris,Testing,Ireland,893
753,LTIRL481,Linux,Testing,Ireland,481
754,LDDEU679,Linux,Development,Germany,679
755,ADDEU630,AIX,Development,Germany,630
756,STDEU217,Solaris,Testing,Germany,217
757,STIRL183,Solaris,Testing,Ireland,183
758,LTIRL309,Linux,Testing,Ireland,309
759,LSESP822,Linux,Staging,Spain,822
760,LTIRL784,Linux,Testing,Ireland,784
761,LSDEU581,Linux,Staging,Germany,581
762,HDITA739,HP-UX,Development,Italy,739
763,ASFRA676,AIX,Staging,France,676
764,ATITA114,AIX,Testing,Italy,114
765,HIIRL111,HP-UX,Integration,Ireland,111
766,LDESP593,Linux,Development,Spain,593
767,LTDEU969,Linux,Testing,Germany,969
768,LDITA799,Linux,Development,Italy,799
769,SSIRL280,Solaris,Staging,Ireland,280
770,HDDEU074,HP-UX,Development,Germany,074
771,LTDEU843,Linux,Testing,Germany,843
772,LPESP351,Linux,Production,Spain,351
773,STIRL723,Solaris,Testing,Ireland,723
774,LTESP461,Linux,Testing,Spain,461
775,STDEU313,Solaris,Testing,Germany,313
776,SSITA991,Solaris,Staging,Italy,991
777,ASESP802,AIX,Staging,Spain,802
778,SSIRL715,Solaris,Staging,Ireland,715
779,LTDEU444,Linux,Testing,Germany,444
780,APFRA956,AIX,Production,France,956
781,LPITA768,Linux,Production,Italy,768
782,ATIRL155,AIX,Testing,Ireland,155
783,SIIRL761,Solaris,Integration,Ireland,761
784,LPDEU166,Linux,Production,Germany,166
785,HTIRL849,HP-UX,Testing,Ireland,849
786,LSFRA088,Linux,Staging,France,088
787,LTIRL859,Linux,Testing,Ireland,859
788,HTIRL476,HP-UX,Testing,Ireland,476
789,SIDEU772,Solaris,Integration,Germany,772
790,LTDEU394,Linux,Testing,Germany,394
791,ATIRL323,AIX,Testing,Ireland,323
792,SIITA490,Solaris,Integration,Italy,490
793,STFRA361,Solaris,Testing,France,361
794,SPITA259,Solaris,Production,Italy,259
795,ASDEU835,AIX,Staging,Germany,835
796,LDFRA771,Linux,Development,France,771
797,SSESP406,Solaris,Staging,Spain,406
798,LPITA531,Linux,Production,Italy,531
799,LSITA634,Linux,Staging,Italy,634
800,LPIRL520,Linux,Production,Ireland,520
801,SPDEU235,Solaris,Production,Germany,235
802,LPESP160,Linux,Production,Spain,160
803,SSFRA099,Solaris,Staging,France,099
804,LSITA718,Linux,Staging,Italy,718
805,STNOR521,Solaris,Testing,Norway,521
806,ATESP433,AIX,Testing,Spain,433
807,ASIRL840,AIX,Staging,Ireland,840
808,SPIRL136,Solaris,Production,Ireland,136
809,LTDEU247,Linux,Testing,Germany,247
810,SSDEU038,Solaris,Staging,Germany,038
811,HTIRL695,HP-UX,Testing,Ireland,695
812,LTDEU933,Linux,Testing,Germany,933
813,APESP506,AIX,Production,Spain,506
814,SDESP918,Solaris,Development,Spain,918
815,SPIRL163,Solaris,Production,Ireland,163
816,HPESP646,HP-UX,Production,Spain,646
817,LPDEU856,Linux,Production,Germany,856
818,SSFRA855,Solaris,Staging,France,855
819,SPESP695,Solaris,Production,Spain,695
820,HPIRL596,HP-UX,Production,Ireland,596
821,ATESP125,AIX,Testing,Spain,125
822,AIFRA855,AIX,Integration,France,855
823,LSFRA044,Linux,Staging,France,044
824,SPESP484,Solaris,Production,Spain,484
825,SSIRL063,Solaris,Staging,Ireland,063
826,SPDEU356,Solaris,Production,Germany,356
827,STIRL680,Solaris,Testing,Ireland,680
828,LTDEU918,Linux,Testing,Germany,918
829,SSDEU743,Solaris,Staging,Germany,743
830,STESP337,Solaris,Testing,Spain,337
831,SPITA807,Solaris,Production,Italy,807
832,SSITA793,Solaris,Staging,Italy,793
833,HTESP984,HP-UX,Testing,Spain,984
834,ATIRL706,AIX,Testing,Ireland,706
835,LSIRL625,Linux,Staging,Ireland,625
836,LSNOR299,Linux,Staging,Norway,299
837,ATITA537,AIX,Testing,Italy,537
838,STIRL009,Solaris,Testing,Ireland,009
839,LPFRA349,Linux,Production,France,349
840,LIIRL958,Linux,Integration,Ireland,958
841,HSITA781,HP-UX,Staging,Italy,781
842,STNOR049,Solaris,Testing,Norway,049
843,SPIRL756,Solaris,Production,Ireland,756
844,LTNOR078,Linux,Testing,Norway,078
845,SPIRL658,Solaris,Production,Ireland,658
846,ADFRA135,AIX,Development,France,135
847,SPIRL295,Solaris,Production,Ireland,295
848,STIRL762,Solaris,Testing,Ireland,762
849,LDIRL661,Linux,Development,Ireland,661
850,ATIRL577,AIX,Testing,Ireland,577
851,LSIRL087,Linux,Staging,Ireland,087
852,LSNOR261,Linux,Staging,Norway,261
853,ASESP415,AIX,Staging,Spain,415
854,LPIRL885,Linux,Production,Ireland,885
855,STESP264,Solaris,Testing,Spain,264
856,SIIRL436,Solaris,Integration,Ireland,436
857,LPDEU269,Linux,Production,Germany,269
858,SPDEU779,Solaris,Production,Germany,779
859,LPFRA913,Linux,Production,France,913
860,APDEU849,AIX,Production,Germany,849
861,SPIRL207,Solaris,Production,Ireland,207
862,ATIRL089,AIX,Testing,Ireland,089
863,ADITA775,AIX,Development,Italy,775
864,SPIRL734,Solaris,Production,Ireland,734
865,LSDEU639,Linux,Staging,Germany,639
866,SSIRL061,Solaris,Staging,Ireland,061
867,LSITA202,Linux,Staging,Italy,202
868,LPDEU142,Linux,Production,Germany,142
869,SDESP432,Solaris,Development,Spain,432
870,LTESP998,Linux,Testing,Spain,998
871,LSESP717,Linux,Staging,Spain,717
872,SPNOR818,Solaris,Production,Norway,818
873,HTFRA031,HP-UX,Testing,France,031
874,SSNOR058,Solaris,Staging,Norway,058
875,LTESP958,Linux,Testing,Spain,958
876,LDITA861,Linux,Development,Italy,861
877,LSDEU666,Linux,Staging,Germany,666
878,ADIRL436,AIX,Development,Ireland,436
879,LSITA775,Linux,Staging,Italy,775
880,LPIRL780,Linux,Production,Ireland,780
881,SIIRL185,Solaris,Integration,Ireland,185
882,ASESP500,AIX,Staging,Spain,500
883,LPFRA911,Linux,Production,France,911
884,ATDEU185,AIX,Testing,Germany,185
885,LDNOR713,Linux,Development,Norway,713
886,ATITA496,AIX,Testing,Italy,496
887,HTESP349,HP-UX,Testing,Spain,349
888,LPNOR662,Linux,Production,Norway,662
889,ATIRL501,AIX,Testing,Ireland,501
890,SIESP887,Solaris,Integration,Spain,887
891,LSFRA319,Linux,Staging,France,319
892,LPESP653,Linux,Production,Spain,653
893,STFRA629,Solaris,Testing,France,629
894,ATIRL761,AIX,Testing,Ireland,761
895,STESP038,Solaris,Testing,Spain,038
896,LIIRL220,Linux,Integration,Ireland,220
897,SPDEU001,Solaris,Production,Germany,001
898,SPESP219,Solaris,Production,Spain,219
899,ATITA135,AIX,Testing,Italy,135
900,LTIRL118,Linux,Testing,Ireland,118
901,ADFRA165,AIX,Development,France,165
902,APIRL673,AIX,Production,Ireland,673
903,AINOR395,AIX,Integration,Norway,395
904,LPESP120,Linux,Production,Spain,120
905,HSFRA846,HP-UX,Staging,France,846
906,ADESP598,AIX,Development,Spain,598
907,HTDEU795,HP-UX,Testing,Germany,795
908,LDIRL509,Linux,Development,Ireland,509
909,SIDEU830,Solaris,Integration,Germany,830
910,LTESP425,Linux,Testing,Spain,425
911,LSFRA023,Linux,Staging,France,023
912,SSDEU789,Solaris,Staging,Germany,789
913,LTIRL269,Linux,Testing,Ireland,269
914,HPITA764,HP-UX,Production,Italy,764
915,SPITA007,Solaris,Production,Italy,007
916,SPDEU084,Solaris,Production,Germany,084
917,LTDEU557,Linux,Testing,Germany,557
918,SPITA452,Solaris,Production,Italy,452
919,SPIRL393,Solaris,Production,Ireland,393
920,SPIRL894,Solaris,Production,Ireland,894
921,LTIRL467,Linux,Testing,Ireland,467
922,ATFRA939,AIX,Testing,France,939
923,LTDEU770,Linux,Testing,Germany,770
924,SPIRL379,Solaris,Production,Ireland,379
925,LIIRL236,Linux,Integration,Ireland,236
926,APDEU990,AIX,Production,Germany,990
927,HSFRA589,HP-UX,Staging,France,589
928,LPESP303,Linux,Production,Spain,303
929,LTDEU848,Linux,Testing,Germany,848
930,APDEU380,AIX,Production,Germany,380
931,ATNOR704,AIX,Testing,Norway,704
932,LINOR049,Linux,Integration,Norway,049
933,AIIRL952,AIX,Integration,Ireland,952
934,LDESP192,Linux,Development,Spain,192
935,SIITA150,Solaris,Integration,Italy,150
936,LDIRL414,Linux,Development,Ireland,414
937,LTIRL323,Linux,Testing,Ireland,323
938,LPIRL074,Linux,Production,Ireland,074
939,LTDEU428,Linux,Testing,Germany,428
940,LDIRL652,Linux,Development,Ireland,652
941,SPDEU490,Solaris,Production,Germany,490
942,SSIRL548,Solaris,Staging,Ireland,548
943,LSESP619,Linux,Staging,Spain,619
944,LPESP232,Linux,Production,Spain,232
945,HIIRL173,HP-UX,Integration,Ireland,173
946,LPIRL599,Linux,Production,Ireland,599
947,LPNOR689,Linux,Production,Norway,689
948,LSESP814,Linux,Staging,Spain,814
949,LIIRL100,Linux,Integration,Ireland,100
950,ASIRL999,AIX,Staging,Ireland,999
951,ATIRL665,AIX,Testing,Ireland,665
952,SPFRA116,Solaris,Production,France,116
953,LTNOR292,Linux,Testing,Norway,292
954,ASESP910,AIX,Staging,Spain,910
955,ATDEU278,AIX,Testing,Germany,278
956,STIRL274,Solaris,Testing,Ireland,274
957,STIRL937,Solaris,Testing,Ireland,937
958,ASDEU273,AIX,Staging,Germany,273
959,LTITA227,Linux,Testing,Italy,227
960,LPFRA641,Linux,Production,France,641
961,LPDEU325,Linux,Production,Germany,325
962,LPIRL749,Linux,Production,Ireland,749
963,HPIRL764,HP-UX,Production,Ireland,764
964,LPDEU022,Linux,Production,Germany,022
965,LPIRL673,Linux,Production,Ireland,673
966,LTDEU173,Linux,Testing,Germany,173
967,HTDEU261,HP-UX,Testing,Germany,261
968,SPITA167,Solaris,Production,Italy,167
969,SDDEU716,Solaris,Development,Germany,716
970,LPITA113,Linux,Production,Italy,113
971,LPESP465,Linux,Production,Spain,465
972,ASITA341,AIX,Staging,Italy,341
973,LPFRA391,Linux,Production,France,391
974,HPITA073,HP-UX,Production,Italy,073
975,SSDEU705,Solaris,Staging,Germany,705
976,HTIRL164,HP-UX,Testing,Ireland,164
977,APDEU573,AIX,Production,Germany,573
978,ATIRL872,AIX,Testing,Ireland,872
979,HSITA440,HP-UX,Staging,Italy,440
980,APITA443,AIX,Production,Italy,443
981,LTIRL556,Linux,Testing,Ireland,556
982,SIESP855,Solaris,Integration,Spain,855
983,LSESP905,Linux,Staging,Spain,905
984,SPITA747,Solaris,Production,Italy,747
985,SSESP359,Solaris,Staging,Spain,359
986,LIIRL221,Linux,Integration,Ireland,221
987,HPITA609,HP-UX,Production,Italy,609
988,LPESP544,Linux,Production,Spain,544
989,SSESP898,Solaris,Staging,Spain,898
990,SIIRL410,Solaris,Integration,Ireland,410
991,LPIRL660,Linux,Production,Ireland,660
992,LDITA596,Linux,Development,Italy,596
993,LPDEU291,Linux,Production,Germany,291
994,LDIRL486,Linux,Development,Ireland,486
995,SSESP883,Solaris,Staging,Spain,883
996,ASDEU234,AIX,Staging,Germany,234
997,ATIRL241,AIX,Testing,Ireland,241
998,SPIRL221,Solaris,Production,Ireland,221
999,LTITA891,Linux,Testing,Italy,891
